product_name,url,image_link,overview,length,width,height,volume,diameter,color,material,ean_code,pattern,barcode,mfr,sku,brand,series,type,capacity,case_pack_size,warranty,sale_price,regular_price,in_stock
Steelite - 4 1/4 In W X 2 In H (10 Oz) Brown Dapple Soup Cup (36 Per Case) - 17140121,https://williamsfoodequipment.com/steelite-4-1-4-in-w-x-2-in-h-10-oz-brown-dapple-soup-cup-36-per-case-17140121/,https://cdn11.bigcommerce.com/s-obo8yy2d20/images/stencil/1280x1280/products/60220/101075/17140121__05291.1712007388.jpg?c=1,,,,,,,Brown,,,,,17140121,,Steelite International,Dapple,Bowls,10 oz,36,Lifetime Breakage,"$1,766.16",,True
Steelite - 8 In White Organics Plate (24 Per Case) - 9002C647,https://williamsfoodequipment.com/steelite-8-in-white-organics-plate-24-per-case-9002c647/,https://cdn11.bigcommerce.com/s-obo8yy2d20/images/stencil/1280x1280/products/60195/101045/9002C647__39899.1712007325.jpg?c=1,,,,,,,White,Alumina Vitrified,,,,9002C647,,Steelite International,Organics,Plates,,24,Lifetime Edge Chip,"$1,661.38",,True
Steelite - 13 1/2 In X 10 5/8 In Revolution Blue Revolution Oval Coupe Platter (12 Per Case) - 17770145,https://williamsfoodequipment.com/steelite-13-1-2-in-x-10-5-8-in-revolution-blue-revolution-oval-coupe-platter-12-per-case-17770145/,https://store-obo8yy2d20.mybigcommerce.com/content/product_images/60296/main/image-url_zoom.webp,,,,,,,Blue,Alumina Vitrified,,,,17770145,,Steelite International,Revolution,Plates,,12,Lifetime Edge Chip,"$2,132.65",,True
Steelite - 12 In X 10 7/8 In Craft White Craft Plate (12 Per Case) - 11550520,https://williamsfoodequipment.com/steelite-12-in-x-10-7-8-in-craft-white-craft-plate-12-per-case-11550520/,https://cdn11.bigcommerce.com/s-obo8yy2d20/images/stencil/1280x1280/products/60310/101184/11550520__68014.1712007598.jpg?c=1,,,,,,,White,Alumina Vitrified,,,,11550520,,Steelite International,Craft,Plates,,12,Lifetime Edge Chip,"$2,229.74",,True
Steelite - 5 1/4 In X 2 3/4 In (12 Oz) White Craft Low Cup (36 Per Case) - 11550152,https://williamsfoodequipment.com/steelite-5-1-4-in-x-2-3-4-in-12-oz-white-craft-low-cup-36-per-case-11550152/,https://store-obo8yy2d20.mybigcommerce.com/content/product_images/60270/main/image-url_zoom.webp,,,,,,,White,Alumina Vitrified,,,,11550152,,Steelite International,Craft,Cups,12 oz,36,Lifetime Edge Chip,"$2,008.20",,True
Steelite - 6 In (8 3/4 Oz) White Contour Bowl (36 Per Case) - 9001C097,https://williamsfoodequipment.com/steelite-6-in-8-3-4-oz-white-contour-bowl-36-per-case-9001c097/,https://store-obo8yy2d20.mybigcommerce.com/content/product_images/60134/main/image-url_zoom.webp,,,,,,,White,Alumina Vitrified,,,,9001C097,,Steelite International,Contour,Bowls,8 3/4 oz,36,Lifetime Edge Chip,"$1,550.76",,True
Steelite - 10 In X 8 1/8 In Craft Blue Craft Plate (12 Per Case) - 11300521,https://williamsfoodequipment.com/steelite-10-in-x-8-1-8-in-craft-blue-craft-plate-12-per-case-11300521/,https://store-obo8yy2d20.mybigcommerce.com/content/product_images/60150/main/image-url_zoom.webp,,,,,,,Blue,Alumina Vitrified,,,,11300521,,Steelite International,Craft,Plates,,12,Lifetime Edge Chip,"$1,563.76",,True
Steelite - 4 1/4 In X 2 1/4 In (10 Oz) White Willow Soup Cup Unhandled StackIng (36 Per Case) - 9117C1202,https://williamsfoodequipment.com/steelite-4-1-4-in-x-2-1-4-in-10-oz-white-willow-soup-cup-unhandled-stacking-36-per-case-9117c1202/,https://cdn11.bigcommerce.com/s-obo8yy2d20/images/stencil/1280x1280/products/60230/101092/9117C1202__32208.1712007415.jpg?c=1,,,,,,,White,Alumina Vitrified,,,,9117C1202,,Steelite International,Willow,Bowls,10 oz,36,Lifetime Edge Chip,"$1,827.69",,True
Steelite - 8 In X 2 5/8 In (30 Oz) Brown Essence Bowl (24 Per Case) - 11200596,https://williamsfoodequipment.com/steelite-8-in-x-2-5-8-in-30-oz-brown-essence-bowl-24-per-case-11200596/,https://store-obo8yy2d20.mybigcommerce.com/content/product_images/60327/main/image-url_zoom.webp,,,,,,,Brown,Alumina Vitrified,,,,11200596,,Steelite International,,Bowls,30 oz,24,Lifetime Edge Chip,"$2,315.22",,True
Steelite - 12 In X 10 1/4 In Revolution Gray Revolution Spice Plate (12 Per Case) - 17750579,https://williamsfoodequipment.com/steelite-12-in-x-10-1-4-in-revolution-gray-revolution-spice-plate-12-per-case-17750579/,https://store-obo8yy2d20.mybigcommerce.com/content/product_images/60200/main/image-url_zoom.webp,,,,,,,Gray,Alumina Vitrified,,,,17750579,,Steelite International,Revolution,Platters,,12,Lifetime Edge Chip,"$1,669.74",,True
Steelite - 12 In X 10 7/8 In Craft Orange Craft Plate (12 Per Case) - 11330520,https://williamsfoodequipment.com/steelite-12-in-x-10-7-8-in-craft-orange-craft-plate-12-per-case-11330520/,https://cdn11.bigcommerce.com/s-obo8yy2d20/images/stencil/1280x1280/products/60309/101182/11330520__71004.1712007597.jpg?c=1,,,,,,,Orange,Alumina Vitrified,,,,11330520,,Steelite International,Craft,Plates,,12,Lifetime Edge Chip,"$2,229.74",,True
Steelite - 8 1/2 In X 1 1/2 In (27 Oz) Orange Craft Bowl Coupe (24 Per Case) - 11330570,https://williamsfoodequipment.com/steelite-8-1-2-in-x-1-1-2-in-27-oz-orange-craft-bowl-coupe-24-per-case-11330570/,https://store-obo8yy2d20.mybigcommerce.com/content/product_images/60248/main/image-url_zoom.webp,,,,,,,Orange,Alumina Vitrified,,,,11330570,,Steelite International,Craft,Bowls,27 oz,24,Lifetime Edge Chip,"$1,874.86",,True
Steelite - 11 1/2 Oz  White Taste Essence Bowl (24 Per Case) - 11070598,https://williamsfoodequipment.com/steelite-5-1-2-in-11-1-2-oz-white-taste-essence-bowl-24-per-case-11070598/,https://store-obo8yy2d20.mybigcommerce.com/content/product_images/58953/main/image-url_zoom.webp,,,,,,,White,Alumina Vitrified,,,,11070598,,Steelite International,Taste,Bowls,11 1/2 oz,24,Lifetime Edge Chip,$527.86,,True
Steelite - 10 In X 7 In Green Craft Cookware Presentation Pan (6 Per Case) - 11310866,https://williamsfoodequipment.com/steelite-10-in-x-7-in-green-craft-cookware-presentation-pan-6-per-case-11310866/,https://cdn11.bigcommerce.com/s-obo8yy2d20/images/stencil/1280x1280/products/60293/101160/11310866__86120.1712007557.jpg?c=1,,,,,,,Green,Alumina Vitrified,,,,11310866,,Steelite International,Craft Cookware,Accessories,,6,Lifetime Edge Chip,"$2,107.69",,True
Steelite - 12 In X 10 7/8 In Craft Green Craft Plate (12 Per Case) - 11310520,https://williamsfoodequipment.com/steelite-12-in-x-10-7-8-in-craft-green-craft-plate-12-per-case-11310520/,https://cdn11.bigcommerce.com/s-obo8yy2d20/images/stencil/1280x1280/products/60306/101180/11310520__89244.1712007590.jpg?c=1,,,,,,,Green,Alumina Vitrified,,,,11310520,,Steelite International,Craft,Plates,,12,Lifetime Edge Chip,"$2,229.74",,True
Steelite - 10 1/2 In Craft Blue Craft Tray Square (6 Per Case) - 11300553,https://williamsfoodequipment.com/steelite-10-1-2-in-craft-blue-craft-tray-square-6-per-case-11300553/,https://store-obo8yy2d20.mybigcommerce.com/content/product_images/60140/main/image-url_zoom.webp,,,,,,,Blue,Alumina Vitrified,,,,11300553,,Steelite International,Craft,Plates,,6,Lifetime Edge Chip,"$1,562.39",,True
Steelite - 8 1/2 In X 1 1/2 In (27 Oz) Blue Craft Bowl Coupe (24 Per Case) - 11300570,https://williamsfoodequipment.com/steelite-8-1-2-in-x-1-1-2-in-27-oz-blue-craft-bowl-coupe-24-per-case-11300570/,https://store-obo8yy2d20.mybigcommerce.com/content/product_images/60242/main/image-url_zoom.webp,,,,,,,Blue,Alumina Vitrified,,,,11300570,,Steelite International,Craft,Bowls,27 oz,24,Lifetime Edge Chip,"$1,874.86",,True
Steelite - 5 3/4 In X 1 5/8 In (6 1/2 Oz) Orange Craft Cookware Round Earred Dish (36 Per Case) - 11330191,https://williamsfoodequipment.com/steelite-5-3-4-in-x-1-5-8-in-6-1-2-oz-orange-craft-cookware-round-earred-dish-36-per-case-11330191/,https://store-obo8yy2d20.mybigcommerce.com/content/product_images/60357/main/image-url_zoom.webp,,,,,,,Orange,Alumina Vitrified,,,,11330191,,Steelite International,Craft Cookware,Bowls,6 1/2 oz,36,Lifetime Edge Chip,"$3,405.12",,True
Steelite - 13 1/2 In X 10 5/8 In Craft White Craft Tray Rectangle (6 Per Case) - 11550551,https://williamsfoodequipment.com/steelite-13-1-2-in-x-10-5-8-in-craft-white-craft-tray-rectangle-6-per-case-11550551/,https://store-obo8yy2d20.mybigcommerce.com/content/product_images/60178/main/image-url_zoom.webp,,,,,,,White,Alumina Vitrified,,,,11550551,,Steelite International,Craft,Plates,,6,Lifetime Edge Chip,"$1,594.19",,True
Steelite - 4 1/2 In X 4 3/4 In (12 Oz) Orange Craft Quench Mug (24 Per Case) - 11330591,https://williamsfoodequipment.com/steelite-4-1-2-in-x-4-3-4-in-12-oz-orange-craft-quench-mug-24-per-case-11330591/,https://cdn11.bigcommerce.com/s-obo8yy2d20/images/stencil/1280x1280/products/60185/101031/11330591__93865.1712007303.jpg?c=1,,,,,,,Orange,Alumina Vitrified,,,,11330591,,Steelite International,Craft,Mugs,12 oz,24,Lifetime Edge Chip,"$1,598.64",,True
Steelite - 8 Oz  White Bianco Man Teacup Tall (36 Per Case) - 9102C438,https://williamsfoodequipment.com/steelite-4-1-4-in-x-3-in-8-oz-white-bianco-man-teacup-tall-36-per-case-9102c438/,https://store-obo8yy2d20.mybigcommerce.com/content/product_images/59976/main/image-url_zoom.webp,,,,,,,White,Alumina Vitrified,,,,9102C438,,Steelite International,Bianco,Cups,8 oz,36,Lifetime Edge Chip,"$1,311.36",,True
Steelite - 5 1/4 In X 2 3/4 In (12 Oz) Green Craft Low Cup (36 Per Case) - 11310152,https://williamsfoodequipment.com/steelite-5-1-4-in-x-2-3-4-in-12-oz-green-craft-low-cup-36-per-case-11310152/,https://store-obo8yy2d20.mybigcommerce.com/content/product_images/60273/main/image-url_zoom.webp,,,,,,,Green,Alumina Vitrified,,,,11310152,,Steelite International,Craft,Cups,12 oz,36,Lifetime Edge Chip,"$2,008.20",,True
Steelite - 6 1/4 In X 4 In X 2 In (13 Oz) Blue Craft Cookware Oval Baker (24 Per Case) - 11300400,https://williamsfoodequipment.com/steelite-6-1-4-in-x-4-in-x-2-in-13-oz-blue-craft-cookware-oval-baker-24-per-case-11300400/,https://cdn11.bigcommerce.com/s-obo8yy2d20/images/stencil/1280x1280/products/60316/101186/11300400__47537.1712007615.jpg?c=1,,,,,,,Blue,Alumina Vitrified,,,,11300400,,Steelite International,Craft Cookware,Accessories,13 oz,24,Lifetime Edge Chip,"$2,245.46",,True
Steelite - 4 1/4 In X 2 7/8 In (8 Oz) Beige Monaco Vogue Reg Teacup Tall (36 Per Case) - 9019C338,https://williamsfoodequipment.com/steelite-4-1-4-in-x-2-7-8-in-8-oz-beige-monaco-vogue-reg-teacup-tall-36-per-case-9019c338/,https://store-obo8yy2d20.mybigcommerce.com/content/product_images/60343/main/image-url_zoom.webp,,,,,,,Beige,Alumina Vitrified,,,,9019C338,,Steelite International,Monaco Vogue,Cups,8 oz,36,Lifetime Edge Chip,"$2,551.80",,True
Steelite - 9 In X 1 3/4 In (9 1/2 Oz) White Monaco Vogue Nouveau Bowl (24 Per Case) - 9001C377,https://williamsfoodequipment.com/steelite-9-in-x-1-3-4-in-9-1-2-oz-white-monaco-vogue-nouveau-bowl-24-per-case-9001c377/,https://store-obo8yy2d20.mybigcommerce.com/content/product_images/60172/main/image-url_zoom.webp,,,,,,,White,Alumina Vitrified,,,,9001C377,,Steelite International,Monaco Vogue,Bowls,9 1/2 oz,24,Lifetime Edge Chip,"$1,593.16",,True
Steelite - 6 1/2 In Beige Monaco Vogue Plate Vogue (36 Per Case) - 9019C362,https://williamsfoodequipment.com/steelite-6-1-2-in-beige-monaco-vogue-plate-vogue-36-per-case-9019c362/,https://cdn11.bigcommerce.com/s-obo8yy2d20/images/stencil/1280x1280/products/60294/101162/9019C362__61325.1712007559.jpg?c=1,,,,,,,Beige,Alumina Vitrified,,,,9019C362,,Steelite International,Monaco Vogue,Plates,,36,Lifetime Edge Chip,"$2,110.77",,True
Steelite - 4 Oz  White Craft Bowl (12 Per Case) - 11550525,https://williamsfoodequipment.com/steelite-5-in-x-3-3-4-in-x-2-1-8-in-4-oz-white-craft-bowl-12-per-case-11550525/,https://store-obo8yy2d20.mybigcommerce.com/content/product_images/59182/main/image-url_zoom.webp,,,,,,,White,Alumina Vitrified,,,,11550525,,Steelite International,Craft,Bowls,4 oz,12,Lifetime Edge Chip,$700.17,,True
Steelite - 7 In X 2 3/8 In (7 Oz) White Organics Low Bowl (12 Per Case) - 9002C644,https://williamsfoodequipment.com/steelite-7-in-x-2-3-8-in-7-oz-white-organics-low-bowl-12-per-case-9002c644/,https://store-obo8yy2d20.mybigcommerce.com/content/product_images/60334/main/image-url_zoom.webp,,,,,,,White,Alumina Vitrified,,,,9002C644,,Steelite International,Organics,Bowls,7 oz,12,Lifetime Edge Chip,"$2,405.47",,True
Steelite - 10 1/2 In Vesuvius Burnt Green Vesuvius Tray Square (6 Per Case) - 12030553,https://williamsfoodequipment.com/steelite-10-1-2-in-vesuvius-burnt-green-vesuvius-tray-square-6-per-case-12030553/,https://store-obo8yy2d20.mybigcommerce.com/content/product_images/60146/main/image-url_zoom.webp,,,,,,,Green,Alumina Vitrified,,,,12030553,,Steelite International,Vesuvius,Platters,,6,Lifetime Edge Chip,"$1,562.39",,True
Steelite - 14 1/2 In X 8 In X 1 1/2 In White Organics Platter (6 Per Case) - 9002C641,https://williamsfoodequipment.com/steelite-14-1-2-in-x-8-in-x-1-1-2-in-white-organics-platter-6-per-case-9002c641/,https://store-obo8yy2d20.mybigcommerce.com/content/product_images/60214/main/image-url_zoom.webp,,,,,,,White,Alumina Vitrified,,,,9002C641,,Steelite International,Organics,Platters & Trays,,6,Lifetime Edge Chip,"$1,750.44",,True
Steelite - 10 In Craft White Craft Plate Coupe (24 Per Case) - 11550566,https://williamsfoodequipment.com/steelite-10-in-craft-white-craft-plate-coupe-24-per-case-11550566/,https://store-obo8yy2d20.mybigcommerce.com/content/product_images/60255/main/image-url_zoom.webp,,,,,,,White,Alumina Vitrified,,,,11550566,,Steelite International,Craft,Plates,,24,Lifetime Edge Chip,"$1,874.86",,True
Steelite - 32 Oz  White Craft Bowl (12 Per Case) - 11550523,https://williamsfoodequipment.com/steelite-11-in-x-9-1-2-in-32-oz-white-craft-bowl-12-per-case-11550523/,https://cdn11.bigcommerce.com/s-obo8yy2d20/images/stencil/1280x1280/products/59996/100784/11550523__44450.1712006834.jpg?c=1,,,,,,,White,Alumina Vitrified,,,,11550523,,Steelite International,Craft,Bowls,32 oz,12,Lifetime Edge Chip,"$1,340.17",,True
Steelite - 4 1/2 In X 4 3/4 In (12 Oz) Blue Craft Quench Mug (24 Per Case) - 11300591,https://williamsfoodequipment.com/steelite-4-1-2-in-x-4-3-4-in-12-oz-blue-craft-quench-mug-24-per-case-11300591/,https://store-obo8yy2d20.mybigcommerce.com/content/product_images/60181/main/image-url_zoom.webp,,,,,,,Blue,Alumina Vitrified,,,,11300591,,Steelite International,Craft,Mugs,12 oz,24,Lifetime Edge Chip,"$1,598.64",,True
Steelite - 5 In X 2 1/2 In (10 Oz) White Craft Slimline Cup StackIng (36 Per Case) - 11550188,https://williamsfoodequipment.com/steelite-5-in-x-2-1-2-in-10-oz-white-craft-slimline-cup-stacking-36-per-case-11550188/,https://store-obo8yy2d20.mybigcommerce.com/content/product_images/60283/main/image-url_zoom.webp,,,,,,,White,Alumina Vitrified,,,,11550188,,Steelite International,Craft,Cups,10 oz,36,Lifetime Edge Chip,"$2,022.57",,True
Steelite - 5 3/4 In X 1 5/8 In (6 1/2 Oz) White Simplicity Cookware Round Eared Dish (36 Per Case) - 11010191,https://williamsfoodequipment.com/steelite-5-3-4-in-x-1-5-8-in-6-1-2-oz-white-simplicity-cookware-round-eared-dish-36-per-case-11010191/,https://store-obo8yy2d20.mybigcommerce.com/content/product_images/60261/main/image-url_zoom.webp,,,,,,,White,Alumina Vitrified,,,,11010191,,Steelite International,Simplicity Cookware,Bowls,6 1/2 oz,36,Lifetime Edge Chip,"$1,911.78",,True
Steelite - 5 1/4 In X 2 3/4 In (12 Oz) Blue Craft Low Cup (36 Per Case) - 11300152,https://williamsfoodequipment.com/steelite-5-1-4-in-x-2-3-4-in-12-oz-blue-craft-low-cup-36-per-case-11300152/,https://store-obo8yy2d20.mybigcommerce.com/content/product_images/60272/main/image-url_zoom.webp,,,,,,,Blue,Alumina Vitrified,,,,11300152,,Steelite International,Craft,Cups,12 oz,36,Lifetime Edge Chip,"$2,008.20",,True
